id,winner_model_a,winner_model_b,winner_tie
136060,0.019168849103152752,0.9544205069541931,0.026410642080008984
211333,0.43833473324775696,0.255168080329895,0.3064972013235092
1233961,0.1391550898551941,0.6966309547424316,0.16421402990818024
